{"layer_count":2,"input_len":2,"hidden_len":3,"output_len":1,"x":[[1.0,0.0,0.0],[1.0,0.0,0.0,0.0]],"w":[[[0.01492548,0.45782328,0.23566222],[-0.37484002,0.8381684,0.29822755],[0.303694,0.36251116,0.49085116],[0.54773664,-0.5725143,-0.23239493]],[[0.93893814,-0.0039401054,0.9677081,0.93425155]]],"out":[0.0],"deltas":[[0.0,0.0,0.0,0.0],[0.0]]}