{"layer_count":2,"input_len":2,"hidden_len":3,"output_len":1,"x":[[1.0,0.0,0.0],[1.0,0.0,0.0,0.0]],"w":[[[-0.27881932,0.58256936,0.76627254],[0.519583,-0.29474568,0.72932076],[-0.14343047,0.14602065,-0.4510026],[-0.8294382,-0.4918778,-0.43949556]],[[-0.5191896,-0.6276188,0.1920743,-0.8338475]]],"out":[0.0],"deltas":[[0.0,0.0,0.0,0.0],[0.0]]}